key,value
mobi.eastlink.ca,7268#Bragg-Communications
epc.mnc020.mcc250.3gppnetwork.org,7429#Tele2-Russia
dra.ipx.cmi.3gppnetwork.org,6586#CMI-DSS-Peering
epc.mnc280.mcc312.3gppnetwork.org,12539#Cellular-Network-Partnership-dba-Pioneer-Cellular
epc.mnc007.mcc204.3gppnetwork.org,12571#Teleena-Netherlands
epc.mnc005.mcc220.3gppnetwork.org,7039#VIP-Serbia
mme.epc.mnc031.mcc404.3gppnetwork.org,7013#Bharti-Airtel-India
epc.mnc043.mcc404.3gppnetwork.org,7271#Vodafone-India-Essar
EPC.MNC123.MCC732.3GPPNETWORK.ORG,6621#Telefonica-Colombia
epc.mnc090.mcc334.3gppnetwork.org,6982#Nextel-Mexico
gam.mnc001.mcc206.3gppnetwork.org,6604#Proximus
epc.mnc093.mcc404.3gppnetwork.org,7013#Bharti-Airtel-India
epc.mnc180.mcc310.3gppnetwork.org,7302#West-Central-Cellular
epc.mnc007.mcc748.3gppnetwork.org,7042#TM-UY
epc.mnc002.mcc632.3gppnetwork.org,12657#MTN-Bissau
epc.mnc005.mcc414.3gppnetwork.org,7115#Ooredoo-Myanmar-Limited
mnc018.mcc502.3gppnetwork.org,7019#U-Mobile
epc.mnc864.mcc405.3gppnetwork.org,7083#Reliance-Jio
dra.mnc004.mcc520.3gppnetwork.org,6526#Truemove-3G
epc.mnc007.mcc454.3gppnetwork.org,6861#ChinaUnicom-International
epc.mnc094.mcc208.3gppnetwork.org,6916#HALYS
epc.mnc001.mcc455.3gppnetwork.org,6962#CTM
epc.mnc840.mcc365.3gppnetwork.org,7337#CWWI-Anguilla
epc.mnc054.mcc901.3gppnetwork.org,12571#Teleena-Netherlands
epc.mnc003.mcc424.3gppnetwork.org,6795#Du
epc.mnc720.mcc302.3gppnetwork.org,6497#Rogers-Wireless
epc.mnc011.mcc510.3gppnetwork.org,6467#Excelcomindo
epc.mnc004.mcc419.3gppnetwork.org,6678#KTC-Kuwait-VIVA
epc.mnc055.mcc405.3gppnetwork.org,7013#Bharti-Airtel-India
epc.mnc012.mcc502.3gppnetwork.org,6504#Maxis
epc.mnc271.mcc240.3gppnetwork.org,7068#Globetouch-Sweden
epc.mnc300.mcc310.3gppnetwork.org,7023#iSmart-Mobile
epc.mnc001.mcc452.3gppnetwork.org,12486#Mobifone-VMS)
epc.mnc051.mcc440.3gppnetwork.org,6118#KDDI
epc.mnc000.mcc460.3gppnetwork.org,6585#China-Mobile
epc.mnc000.mcc454.3gppnetwork.org,6357#HKT
epc.mnc008.mcc640.3gppnetwork.org,7386#SMART-Tanzania
epc.mnc040.mcc293.3gppnetwork.org,6773#SI-MOBIL
net2mobile.grx,6633#TIS-DSS-Peer
epc.mnc027.mcc250.3gppnetwork.org,7494#TMT-Russian
epc.mnc846.mcc405.3gppnetwork.org,7264#IDEA
epc.mnc020.mcc432.3gppnetwork.org,7357#Rightel
epc.mnc850.mcc405.3gppnetwork.org,7264#IDEA
epc.mnc530.mcc312.3gppnetwork.org,12565#Sprint-312530
epc.mnc006.mcc450.3gppnetwork.org,6188#LG-U-Plus
epc.mnc006.mcc456.3gppnetwork.org,6810#Smart-Axiata
epc.mnc003.mcc515.3gppnetwork.org,6192#SMART
diameter.dtag.grx,6856#DT-DSS-Peering
epc.mnc001.mcc246.3gppnetwork.org,6838#Omnitel
epc.mnc014.mcc242.3gppnetwork.org,7361#ICE-Communication-Norge
TelefonicaMX.com,6623#TM-Mexico
epc.mnc007.mcc404.3gppnetwork.org,7264#IDEA
epc.mnc008.mcc240.3gppnetwork.org,6959#Telenor-Sweden
epc.mnc007.mcc639.3gppnetwork.org,12622#Telkom-Kenya
epc.mnc005.mcc232.3gppnetwork.org,6951#Hutchison-3G-Austria-GmbH
epc.mnc013.mcc635.3gppnetwork.org,7456#TIGO-RWANDA-S-A
epc.mnc620.mcc312.3gppnetwork.org,7069#Globetouch-US
epc.mnc001.mcc240.3gppnetwork.org,6833#TeliaSonera-Sweden
epc.mnc007.mcc401.3gppnetwork.org,6311#Altel-Mobile-Kazakhstan
epc.mnc002.mcc297.3gppnetwork.org,7038#T-Mobile-Montenegro-
epc.mnc003.mcc730.3gppnetwork.org,6979#Claro-Chile
EPC.MNC023.MCC724.3GPPNETWORK.ORG,6363#Vivo
epc.mnc011.mcc404.3gppnetwork.org,7271#Vodafone-India-Essar
ukb.com,6542#UK-Broadband
epc.mnc018.mcc901.3gppnetwork.org,12514#AT&T-Mobility-Maritime
epc.mnc500.mcc302.3gppnetwork.org,7054#Videotron
eumvne.globetouch.com,7406#GlobeTouch-MVNE
epc.mnc001.mcc276.3gppnetwork.org,7029#AMC
epc.mnc003.mcc248.3gppnetwork.org,6971#Tele2-Estonia
epc.mnc020.mcc238.3gppnetwork.org,6834#TeliaSonera-Denmark
epc.mnc001.mcc740.3gppnetwork.org,7348#Conecel
dra.mnc004.mcc420.3gppnetwork.org,6618#Zain-Saudi-Arabia
epc.mnc003.mcc230.3gppnetwork.org,6801#Vodafone-Czech
epc.mnc003.mcc712.3gppnetwork.org,7312#Claro-CR-Telecom
epc.mnc019.mcc502.3gppnetwork.org,6502#Celcom
epc.mnc003.mcc736.3gppnetwork.org,7269#Telecel-Bolivia
epc.mnc082.mcc404.3gppnetwork.org,7264#IDEA
epc.mnc003.mcc724.3gppnetwork.org,6579#TIM-Brazil
epc.mnc007.mcc410.3gppnetwork.org,7100#Warid-Telecom-Pakistan
epc.mnc005.mcc226.3gppnetwork.org,12526#RCS--RDS
epc.mnc003.mcc706.3gppnetwork.org,12500#TigoTelemovil)-El-Salvador
antel.lte.com,6624#Antel
epc.mnc006.mcc268.3gppnetwork.org,6535#MEO
epc.mnc300.mcc710.3gppnetwork.org,7281#Telefonica-Celular-Nicaragua
epc.mnc005.mcc214.3gppnetwork.org,6581#TM-Spain
epc.mnc001.mcc270.3gppnetwork.org,6840#EPT-Luxembourg
epc.mnc010.mcc280.3gppnetwork.org,7402#MTN-Cyprus
epc.mnc005.mcc202.3gppnetwork.org,6739#Vodafone-Greece
epc.mnc010.mcc283.3gppnetwork.org,7437#Orange-Armenia
epc.mnc058.mcc234.3gppnetwork.org,7330#Manx-Telecom
epc.mnc005.mcc244.3gppnetwork.org,6934#Elisa
epc.mnc001.mcc602.3gppnetwork.org,7433#Mobinil
epc.mnc008.mcc311.3gppnetwork.org,6901#Pine-Telephone
epc.mnc001.mcc470.3gppnetwork.org,12564#Grameen-Phone
epc.mnc099.mcc250.3gppnetwork.org,6870#Vimpelcom-Russia
epc.mnc090.mcc404.3gppnetwork.org,7013#Bharti-Airtel-India
epc.mnc005.mcc247.3gppnetwork.org,7092#BITE-Latvia
epc.mnc001.mcc428.3gppnetwork.org,12739#SkyTel-Mongolia
epc.mnc002.mcc708.3gppnetwork.org,7430#Tigo-Honduras
dramun1.epc.mnc001.mcc748.3gppnetwork.or,6624#Antel
epc.mnc001.mcc605.3gppnetwork.org,7277#Orange-Tunisia
EPC.MNC010.MCC716.3GPPNETWORK.ORG,6811#Claro-Peru
epc.mnc002.mcc282.3gppnetwork.org,7358#MagtiCom
epc.mnc026.mcc234.3gppnetwork.org,6534#Lycamobile-UK
epc.mnc016.mcc502.3gppnetwork.org,7045#DiGi
epc.mnc001.mcc608.3gppnetwork.org,7493#SONATEL
epc.mnc003.mcc603.3gppnetwork.org,7495#Wataniya-Algeria
epc.mnc097.mcc404.3gppnetwork.org,7013#Bharti-Airtel-India
epc.mnc110.mcc544.3gppnetwork.org,12532#SamoaTel-Samoa
epc.mnc010.mcc650.3gppnetwork.org,12730#Celtel-Malawi
epc.mnc868.mcc405.3gppnetwork.org,7083#Reliance-Jio
epc.mnc097.mcc466.3gppnetwork.org,6595#Taiwan-Mobile
epc.mnc002.mcc400.3gppnetwork.org,6948#BAKCELL-Ltd
epc.mnc001.mcc525.3gppnetwork.org,6124#SingTel-Mobile
epc.mnc012.mcc232.3gppnetwork.org,12498#Yesss-Austria
epc.mnc170.mcc311.3gppnetwork.org,7512#Tampnet
epc.mnc004.mcc640.3gppnetwork.org,7350#Vodacom-Tanzania
epc.mnc002.mcc363.3gppnetwork.com,12555#Digicel-Aruba
ipx.oteglobe.3gppnetwork.org,7012#OTEGlobe-GRX
uscsim.globetouch.com,7069#Globetouch-US
epc.mnnc003.mcc470.3gppnetwork.org,12607#Banglalink
epc.mnc004.mcc631.3gppnetwork.org,12511#Movicel-Angola
epc.mnc020.mcc280.3gppnetwork.org,7034#PrimeTel-Cyprus
epc.mnc853.mcc405.3gppnetwork.org,7264#IDEA
epc.mnc001.mcc437.3gppnetwork.org,7442#Sky-Mobile
epc.mnc002.mcc429.3gppnetwork.org,7436#Spice-Nepal-Private
epc.mnc089.mcc466.3gppnetwork.org,6668#Taiwan-Star
epc.mnc001.mcc425.3gppnetwork.org,6701#Partner-Communications
epc.mnc043.mcc901.3gppnetwork.org,12504#EMnify-GmbH
epc.mnc005.mcc452.3gppnetwork.org,7464#Hanoi-Telecom
epc.mnc340.mcc302.3gppnetwork.org,7458#Execulink-Telecom
epc.mnc920.mcc344.3gppnetwork.org,7056#CWWI-Antigua
acsalaska.net,6913#Alaska-Wireless-Network
epc.mnc002.mcc426.3gppnetwork.org,12496#Zain-Bahrain
epc.mnc004.mcc646.3gppnetwork.org,7389#Telma-Mobile
epc.mnc340.mcc311.3gppnetwork.org,6902#NewCore-Wireless
mme.epc.mnc053.mcc405.3gppnetwork.org,7013#Bharti-Airtel-India
epc.mnc861.mcc405.3gppnetwork.org,7083#Reliance-Jio
epc.mnc001.mcc505.3gppnetwork.org,6219#Telstra
epc.mnc005.mcc541.3gppnetwork.org,6956#Digicel-Vanuatu-Ltd
epc.mnc103.mcc732.3gppnetwork.org,6714#Colombia-Movil
epc.mnc003.mcc404.3gppnetwork.org,7013#Bharti-Airtel-India
epc.mnc003.mcc268.3gppnetwork.org,6620#Optimus
epc.mnc015.mcc234.3gppnetwork.org,6736#Vodafone-UK
epc.mnc110.mcc358.3gppnetwork.org,7070#Cable-and-Wireless-Group
epc.mnc089.mcc510.3gppnetwork.org,7470#Hutchison-Indonesia
4g.westcentral.com,7302#West-Central-Cellular
epc.mnc012.mcc244.3gppnetwork.org,7125#Finnet-Networks
epc.mnc020.mcc206.3gppnetwork.org,6857#BASE-NV-SA
epc.mnc002.mcc370.3gppnetwork.org,6912#Compania-Dominicana
epc.mnc003.mcc639.3gppnetwork.org,12621#Airtel-Networks-Kenya
vodafone.com.qa,6761#Vodafone-Qatar
epc.mnc010.mcc748.3gppnetwork.org,7099#CTI
epc.mnc857.mcc405.3gppnetwork.org,7083#Reliance-Jio
epc.mnc006.mcc724.3gppnetwork.org,6363#Vivo
epc.mnc001.mcc410.3gppnetwork.org,7100#Warid-Telecom-Pakistan
epc.mnc005.mcc520.3gppnetwork.org,6867#dtac-TriNet
epc.mnc001.mcc416.3gppnetwork.org,7113#Zain-JordanJMTS
epc.mnc001.mcc232.3gppnetwork.org,6731#A1-Telekom-Austria
epc.mnc001.mcc413.3gppnetwork.org,6910#Mobitel-Sri-Lanka
epc.mnc002.mcc456.3gppnetwork.org,6810#Smart-Axiata
epc.mnc290.mcc312.3gppnetwork.org,7378#Strata-Network-USA
epc.mnc003.mcc262.3gppnetwork.org,6533#Telefonica-O2-Germany
epc.mnc003.mcc617.3gppnetwork.org.key2roam.comfone.com,Mahanagar-Telephone-Mauritius
epc.mnc039.mcc901.3gppnetwork.org,7288#MTX-Connect
epc.mnc050.mcc334.3gppnetwork.org,7031#Iusacell
dra18.mtt.grx,6848#MTT-Peering-Hub
epc.mnc003.mcc612.3gppnetwork.org,7431#Orange-Ivory-Coast
epc.mnc010.mcc724.3gppnetwork.org,6363#Vivo
epc.mnc000.mcc604.3gppnetwork.org,6949#Meditel
epc.mnc990.mcc311.3gppnetwork.org,"12616#Vermont-Telephone-Company,-Inc"
epc.mnc001.mcc226.3gppnetwork.org,6713#Vodafone-Romania
epc.mnc001.mcc214.3gppnetwork.org,6711#Vodafone-Spain
epc.mnc080.mcc311.3gppnetwork.org,6901#Pine-Telephone
epc.mnc003.mcc286.3gppnetwork.org,7086#Avea
epc.mnc040.mcc404.3gppnetwork.org,7013#Bharti-Airtel-India
epc.mnc001.mcc238.3gppnetwork.org,6947#TDC-Mobil-AS
epc.mnc152.mcc502.3gppnetwork.org,7335#YTL-Communication
epc.mnc010.mcc635.3gppnetwork.org,12659#MTN-Rwanda
epc.mnc002.mcc744.3gppnetwork.org,7413#Claro-Paraguay
epc.mnc012.mcc208.3gppnetwork.org,7369#Hewlett-Packard-Frech
EPC.MNC003.MCC284.3GPPNETWORK.ORG,7298#BTC-Bulgaria
epc.mnc004.mcc204.3gppnetwork.org,6712#Vodafone-Netherlands
epc.mnc001.mcc220.3gppnetwork.org,7074#Telenor-Serbia
epc.mnc940.mcc302.3gppnetwork.org,7459#Wightman
epc.mnc001.mcc202.3gppnetwork.org,6897#COSMOTE-Mobile
epc.mnc054.mcc228.3gppnetwork.org,6698#Lycamobile-Switzerland
epc.mnc014.mcc404.3gppnetwork.org,7264#IDEA
epc.mnc001.mcc208.3gppnetwork.org,6541#Orange-France
epc.mnc024.mcc530.3gppnetwork.org,12656#Two-Degrees-Mobile-Limited
epc.mnc002.mcc652.3gppnetwork.org,7394#Orange-Botswana
epc.mnc001.mcc466.3gppnetwork.org,6556#FarEasTone
epc.mnc002.mcc427.3gppnetwork.org,6761#Vodafone-Qatar-Q-S-C-
bgclte.com,7055#Bluegrass-Cellular-LLC
epc.mnc003.mcc419.3gppnetwork.org,6866#Ooredoo-Kuwait
epc.mnc002.mcc230.3gppnetwork.org,7063#O2-Czech-Republic
epc.mnc003.mcc704.3gppnetwork.org,7066#TM-Guatemala
epc.mnc480.mcc302.3gppnetwork.org,12596#SSi-Micro-LTD
epc.mnc004.mcc370.3gppnetwork.org,12531#Trilogy-Dominicana
epc.mnc002.mcc740.3gppnetwork.org,12554#CNT-EP
epc.mnc004.mcc214.3gppnetwork.org,6896#Xfera
epc.mnc046.mcc901.3gppnetwork.org,12580#Telecom26
epc.mnc001.mcc401.3gppnetwork.org,7384#K-Mobile-Kazakhstan
comfone.com,6917#Comfone/Infonet-Peer
epc.mnc003.mcc416.3gppnetwork.org,7275#Umniah
epc.mnc054.mcc405.3gppnetwork.org,7013#Bharti-Airtel-India
epc.mnc002.mcc424.3gppnetwork.org,6617#ETISALAT-UAE
epc.mnc004.mcc724.3gppnetwork.org,6579#TIM-Brazil
epc.mnc001.mcc247.3gppnetwork.org,6839#Latvian-Mobile-Telephone
epc.mnc001.mcc216.3gppnetwork.org,6871#Telenor-Hungary
epc.mnc270.mcc240.3gppnetwork.org,7068#Globetouch-Sweden
epc.mnc050.mcc412.3gppnetwork.org,12579#Etisalat-Afghanistan
epc.mnc001.mcc219.3gppnetwork.org,6941#Croatian-Telecom-Inc
epc.mnc990.mcc310.3gppnetwork.org,7448#Worldcall
epc.mnc003.mcc284.3gppnetwork.org,7298#BTC-Bulgaria
epc.mnc001.mcc460.3gppnetwork.org,6684#China-Unicom
epc.mnc630.mcc312.3gppnetwork.org,7502#NetGenuity
epc.mnc012.mcc901.3gppnetwork.org,7497#MCP
epc.mnc580.mcc310.3gppnetwork.org,7381#Inland-Cellular
epc.mnc040.mcc311.3gppnetwork.org,6955#Commnet-Wireless
epc.mnc021.mcc710.3gppnetwork.org,7353#Enitel
epc.mnc410.mcc312.3gppnetwork.org,7460#Eltopia-Communications
epc.mnc872.mcc405.3gppnetwork.org,7083#Reliance-Jio
epc.mnc006.mcc260.3gppnetwork.org,6950#Play-Mobile
epc.mnc005.mcc744.3gppnetwork.org,12492#Nucleo
epc.mnc070.mcc405.3gppnetwork.org,7264#IDEA
dca.mnc001.mcc206.3gppnetwork.org,6604#Proximus
epc.mnc092.mcc404.3gppnetwork.org,7013#Bharti-Airtel-India
epc.mnc120.mcc310.3gppnetwork.org,6966#Sprint-PCS
tdea.epc.mnc050.mcc440.3gppnetwork.org,6118#KDDI
epc.mnc006.mcc414.3gppnetwork.org,7391#Telenor-Myanmar
epc.mnc865.mcc405.3gppnetwork.org,7083#Reliance-Jio
epc.mnc003.mcc272.3gppnetwork.org,7046#Meteor-Mobile
epc.mnc060.mcc250.3gppnetwork.org,7427#LLC-KTKTELEKOM
epc.mnc000.mcc455.3gppnetwork.org,7104#SmarTone-Macau
epc.mnc004.mcc712.3gppnetwork.org,6794#TM-Costa-Rica
epc.mnc078.mcc404.3gppnetwork.org,7264#IDEA
epc.mnc002.mcc221.3gppnetwork.org,12568#IPKO-Telecommunications-LLC
epc.mnc001.mcc617.3gppnetwork.org,6952#CELLPLUS-MAURITIUS
epc.mnc077.mcc402.3gppnetwork.org,7469#TashiCell
epc.mnc280.mcc310.3gppnetwork.org,6907#AT&T-310280
epc.mnc023.mcc425.3gppnetwork.org,12535#Beezz-Communication
sybase.ipx,7492#Sybase-Peering-Hub
epc.mnc002.mcc242.3gppnetwork.org,6836#Netcom
epc.mnc007.mcc262.3gppnetwork.org,6533#Telefonica-O2-Germany
epc.mnc003.mcc525.3gppnetwork.org,6360#M1-Limited
epc.mnc002.mcc248.3gppnetwork.org,6930#ELISA-EESTI-AS
ibasis.grx,6677#iBasis-DSS-Peer
epc.mnc002.mcc270.3gppnetwork.org,7288#MTX-Connect
epc.mnc001.mcc222.3gppnetwork.org,6580#Telecom-Italia-Mobile
epc.mnc001.mcc228.3gppnetwork.org,6490#Swisscom
epc.mnc002.mcc276.3gppnetwork.org,6958#Vodafone-Albania
epc.mnc019.mcc404.3gppnetwork.org,7264#IDEA
telenor.grx,6635#Telenor-DSS-Peer
epc.mnc002.mcc602.3gppnetwork.org,7293#Vodafone-Egypt
epc.mnc008.mcc204.3gppnetwork.org,6697#KPN-Mobile-Netherlands
epc.mnc007.mcc425.3gppnetwork.org,7132#HOT-Mobile
epc.mnc001.mcc288.3gppnetwork.org,7477#Faroese-Telecom
dea.orange-multimedia.net,6570#FranceTelecom-DSS-Peer
epc.mnc002.mcc605.3gppnetwork.org,7314#Tunisie-Telecom
epc.mnc044.mcc404.3gppnetwork.org,7264#IDEA
epc.mnc710.mcc311.3gppnetwork.org,7260#Northeast-Wireless
pccwglobal.ipxnetwork.org,7446#PCCW-Global-DSS-Peer
epc.mnc001.mcc282.3gppnetwork.org,7412#Geocell
epc.mnc001.mcc297.3gppnetwork.org,6968#Telenor-Montenegro
epc.mnc001.mcc651.3gppnetwork.org,7320#Vodacom-Lesotho
epc.mnc050.mcc234.3gppnetwork.org,6937#Jersey-Telecom
epc.mnc840.mcc405.3gppnetwork.org,7083#Reliance-Jio
epc.mnc001.mcc294.3gppnetwork.org,12497#T-Mobile-Macedon
epc.mnc030.mcc310.3gppnetwork.org,6906#AT&T-310030
epc.mnc030.mcc334.3gppnetwork.org,6623#TM-Mexico
epc.mnc056.mcc404.3gppnetwork.org,7264#IDEA
epc.mnc012.mcc240.3gppnetwork.org,7368#Lycamobile-Sweden
epc.mnc810.mcc311.3gppnetwork.org,7055#Bluegrass-Cellular-LLC
epc.mnc067.mcc702.3gppnetwork.org,7403#Belize-Telecom
epc.mnc007.mcc434.3gppnetwork.org,12487#MTS-Uzbekistan
epc.mnc027.mcc240.3gppnetwork.org,7068#Globetouch-Sweden
epc.mnc003.mcc537.3gppnetwork.org,7326#Digicel-Papua-New-Guinea
epc.mnc011.mcc274.3gppnetwork.org,7262#Nova
epc.mnc022.mcc404.3gppnetwork.org,7264#IDEA
epc.mnc017.mcc716.3gppnetwork.org,7339#NII-PERU
epc.mnc700.mcc311.3gppnetowork.org,12645#Midwest-Network-Solutions-Hub
epc.mnc002.mcc653.3gppnetwork.org,12612#Swazi-Mobile
epc.mnc003.mcc260.3gppnetwork.org,6798#Orange-Poland
commnetwireless.com,6955#Commnet-Wireless
epc.mnc001.mcc744.3gppnetwork.org,12591#Hola
epc.mnc110.mcc330.3gppnetwork.org,7319#Claro-Puerto-Rico
epc.mnc220.mcc302.3gppnetwork.org,6121#Telus-Mobility
EPC.MNC310.MCC722.3GPPNETWORK.ORG,7095#AMX-Argentina-S-A-Claro
epc.mnc000.mcc350.3gppnetwork.org,7334#Digital-Bermuda
epc.mnc001.mcc370.3gppnetwork.org,7107#Orange-Dominicana
epc1.mnc092.mcc404.3gppnetwork.org,7013#Bharti-Airtel-India
epc.mnc016.mcc901.3gppnetwork.org,6977#Japser-Wireless
epc.mnc005.mcc466.3gppnetwork.org,6829#Asia-Pacific-Telecom
epc.mnc009.mcc295.3gppnetwork.org.key2roam.comfone.com,12633#Emnify
epc.mnc001.mcc231.3gppnetwork.org,6938#Orange-Slovensko
epc.mnc020.mcc714.3gppnetwork.org,7065#TM-Panama
epc.mnc030.mcc404.3gppnetwork.org,7271#Vodafone-India-Essar
epc.mnc480.mcc312.3gppnetwork.org,6900#Sagebrush-Cellular/Nemont
epc.mnc003.mcc420.3gppnetwork.org,6489#Mobily-Etihad-Etisalat
epc.mnc170.mcc348.3gppnetwork.org,7070#CWWI-British-Virgin
epc.mnc011.mcc232.3gppnetwork.org,12499#BOB-Austria
epc.mnc011.mcc528.3gppnetwork.org,6562#DataStream-Technology
dra.ipx.syniverse.3gppnetwork.org,0000#Syniverse-DSC
epc.mnc049.mcc364.3gppnetwork.org,7424#NewCo2015-Bahamas
epc.mnc150.mcc310.3gppnetwork.org,6977#Jasper-Wireless
epc.mnc858.mcc405.3gppnetwork.org,7083#Reliance-Jio
epc.mnc003.mcc622.3gppnetwork.org,7507#Millicom-Tchad
epc.mnc020.mcc204.3gppnetwork.org,7026#T-Mobile-Netherlands
epc.mnc004.mcc404.3gppnetwork.org,7264#IDEA
epc.mnc003.mcc628.3gppnetwork.org,12731#Celtel-Gabon
epc.mnc021.mcc278.3gppnetwork.org,7317#Mobisle-Communications
epc.mnc051.mcc405.3gppnetwork.org,7013#Bharti-Airtel-India
epc.mnc035.mcc454.3gppnetwork.org,12643#Webbing-Hong-Kong-Limited
epc.mnc007.mcc214.3gppnetwork.org,6581#TM-Spain
epc.mnc089.mcc404.3gppnetwork.org,7264#IDEA
epc.mnc096.mcc404.3gppnetwork.org,7013#Bharti-Airtel-India
epc.mnc010.mcc716.3gppnetwork.org,6811#Claro-Peru
epc.mnc869.mcc405.3gppnetwork.org,7083#Reliance-Jio
epc.mnc620.mcc302.3gppnetwork.org,12520#Ice-Wireless-GSM
mnc007.mcc240.3gppnetwork.org,6723#Tele2-Sweden
limitlessmobile.net,7052#Limitless-Mobile-USA
epc.mnc001.mcc340.3gppnetwork.org,7323#Orange-France-Caraibe
epc.mnc020.mcc234.3gppnetwork.org,7301#Hutchison-3G-UK
sjcdra001.aicent.grx,6208#DRA1-SJC3
epc.mnc460.mcc310.3gppnetwork.org,7447#Conecto
epc.mnc004.mcc410.3gppnetwork.org,12527#Cmpak-Pakistan
epc.mnc042.mcc240.3gppnetwork.org,6959#Telenor-Sweden
epc.mnc854.mcc405.3gppnetwork.org,7083#Reliance-Jio
epc.mnc004.mcc452.3gppnetwork.org,7325#Viettel-Group
epc.mnc780.mcc302.3gppnetwork.org,7344#Sasktel-Mobility
epc.mnc610.mcc310.3gppnetwork.org,12625#Choice-Wireless
dramag1.epc.mnc001.mcc748.3gppnetwork.org,6624#Antel
epc.mnc600.mcc342.3gppnetwork.org,7070#CWWI-Barbados
epc.mnc370.mcc310.3gppnetwork.org,6561#Docomo-Pacific
epc.mnc001.mcc714.3gppnetwork.org,7499#Cable-and-Wireless-Panama
epc.mnc004.mcc434.3gppnetwork.org,7439#BeelineUnitel-Uzbekistan
epc.mnc002.mcc505.3gppnetwork.org,6085#Optus
epc.mnc520.mcc310.3gppnetwork.org,7282#Transaction-Network-Services-Peering-Hub
epc.mnc001.mcc542.3gppnetwork.org,6796#Vodafone-Fiji
EPC.MNC001.MCC510.3GPPNETWORK.ORG,6976#Indosat---M3
epc.mnc770.mcc310.3gppnetwork.org,7079#Iowa-Wireless
epc.mnc001.mcc708.3gppnetwork.org,7273#Claro-Honduras
epc.mnc690.mcc302.3gppnetwork.org,6566#Bell-Mobility
epc.mnc030.mcc621.3gppnetwork.org,12597#MTN-Nigeria
hkgdra001.aicent.grx,6355#DRA1-HKG2
epc.mnc004.mcc648.3gppnetwork.org,7449#Econet-Wireless
dra.ipx.telstra-global.3gppnetwork.org,6609#Telstra-DSS-Peer
epc.mnc010.mcc212.3gppnetwork.org,7030#Monaco-Telecom
br.epc.mnc001.mcc206.3gppnetwork.org,6604#Proximus
MME.EPC.MNC090.MCC404.3GPPNETWORK.ORG,7013#Bharti-Airtel-India
epc.mnc010.mcc206.3gppnetwork.org,6695#Mobistar
epc.mnc001.mcc530.3gppnetwork.org,6719#Vodafone-Mobile-NZ
epc.mnc530.mcc311.3gppnetwork.org,6902#NewCore-Wireless
epc.mnc001.mcc548.3gppnetwork.org,12521#Telecom-Cook-Islands
epc.mnc001.mcc539.3gppnetwork.org,12642#Tonga-Communications-Corporation
epc.mnc011.mcc724.3gppnetwork.org,6363#Vivo
epc.mnc007.mcc232.3gppnetwork.org,6954#T-Mobile-Austria
epc.mnc006.mcc240.3gppnetwork.org,6959#Telenor-Sweden
epc.mnc016.mcc204.3gppnetwork.org,7026#T-Mobile-Netherlands
epc.mnc873.mcc405.3gppnetwork.org,7083#Reliance-Jio
epc.mnc000.mcc520.3gppnetwork.org,6526#Truemove-3G
epc.mnc088.mcc428.3gppnetwork.org,7329#Unitel-Mongolia
epc.mnc240.mcc310.3gppnetwork.org,6648#T-Mobile-USA-Inc
epc.mnc002.mcc607.3gppnetwork.org,12507#Africell-Gambia)-Ltd
epc.mnc002.mcc604.3gppnetwork.org,7093#Wana-Corporate
epc.mnc001.mcc230.3gppnetwork.org,6898#T-Mobile-Czech
epc.mnc031.mcc901.3gppnetwork.org,6541#Orange-France
epc.mnc020.mcc310.3gppnetwork.org,12637#Union-Telephone
epc.mnc003.mcc214.3gppnetwork.org,6569#Orange-Spain
epc.mnc123.mcc732.3gppnetwork.org,6621#Telefonica-Colombia
epc.mnc002.mcc272.3gppnetwork.org,7346#Three-Ireland
epc.mnc077.mcc401.3gppnetwork.org,7444#Mobile-Telecom-Kazakhstan
epc.mnc001.mcc712.3gppnetwork.org,7352#INSTITUTO-COSTARRICENSE
ipx.etisalat.3gppnetwork.org,6815#ETISALAT-UAE-DSS-Peer
epc.mnc009.mcc460.3gppnetwork.org,6684#China-Unicom
epc.mnc001.mcc283.3gppnetwork.org,7313#Armentel
epc.mnc001.mcc603.3gppnetwork.org,7426#MOBILIS
epc.mnc070.mcc216.3gppnetwork.org,6981#Vodafone-Hungary-Ltd
epc.mnc006.mcc716.3gppnetwork.org,7011#TM-Peru
signal.teliasonera.ipxnetwork.org,6847#TeliaSonera-Peer-Hub
epc.mnc004.mcc744.3gppnetwork.org,7343#Telecel-Paraguay
epc.mnc077.mcc416.3gppnetwork.org,7018#Orange-Jordan
rinawireless.com,7378#Strata-Network-USA
epc.mnc002.mcc704.3gppnetwork.org,12534#Tigo-Guatemala
epc.mnc010.mcc202.3gppnetwork.org,7287#Wind-Greece
epc.mnc001.mcc280.3gppnetwork.org,7351#Cyprus-Telecom-Auth
epc.mnc010.mcc208.3gppnetwork.org,6555#SFR
epc.mnc001.mcc286.3gppnetwork.org,6872#Turkcell
epc.mnc005.mcc724.3gppnetwork.org,6639#Claro-Brazil
epc.mnc027.mcc404.3gppnetwork.org,7271#Vodafone-India-Essar
videotron.com,7054#Videotron
epc.mnc005.mcc242.3gppnetwork.org,7116#Network-Norway
EPC.MNC012.MCC502.3GPPNETWORK.ORG,6504#Maxis
epc.mnc002.mcc219.3gppnetwork.org,6978#Tele2-Croatia
EPC.MNC003.MCC424.3GPPNETWORK.ORG,6795#Du
epc.mnc006.mcc231.3gppnetwork.org,7064#O2-Slovakia
epc.mnc016.mcc404.3gppnetwork.org,7013#Bharti-Airtel-India
epc.mnc001.mcc706.3gppnetwork.org,12650#CTE-Telecom-Personal
MME.EPC.MNC031.MCC404.3GPPNETWORK.ORG,7013#Bharti-Airtel-India
epc.mnc002.mcc228.3gppnetwork.org,6787#Sunrise-Switzerland
epc.mnc003.mcc276.3gppnetwork.org,7087#Albtelecom
epc.mnc030.mnc311.3gppnetwork.org,7488#Indigo-Wireless
epc.mnc008.mcc274.3gppnetwork.org,6957#Siminn-hf
spn28834.ipxsp.org,6632#TelecomAustria-DSS-Peer
epc.mnc003.mcc605.3gppnetwork.org,7315#Tunisiana
epc.mnc003.mcc602.3gppnetwork.org,7411#ETISALAT-Egypt
epc.mnc020.mcc404.3gppnetwork.org,7271#Vodafone-India-Essar
epc.mnc010.mcc655.3gppnetwork.org,6974#MTN-South-Africa
epc.mnc045.mcc404.3gppnetwork.org,7013#Bharti-Airtel-India
epc.mnc001.mcc212.3gppnetwork.org,7421#MT-Vala-Kosovo
epc.mnc02.mcc404.3gppnetwork.org,7013#Bharti-Airtel-India
epc.mnc770.mcc348.3gppnetwork.org,7478#Digicel-British-Virgin-Islands
epc.mnc840.mcc310.3gppnetwork.org,7434#Telna-USA
epc2.mnc090.mcc404.3gppnetwork.org,7013#Bharti-Airtel-India
epc.mnc010.mcc440.3gppnetwork.org,6514#NTT-DoCoMo
epc.mnc070.mcc293.3gppnetwork.org,7338#Telemach-Mobil
epc.mnc004.mcc257.3gppnetwork.org.key2roam.comfone.com,Best-Belarus
epc.mnc095.mcc404.3gppnetwork.org,7013#Bharti-Airtel-India
epc.mnc007.mcc470.3gppnetwork.org,12553#Robi-Axiata
epc.mnc210.mcc312.3gppnetwork.org,7127#Digital-Aspenta
epc.mnc070.mcc404.3gppnetwork.org,7013#Bharti-Airtel-India
epc.mnc001.mcc624.3gppnetwork.org,7490#MTN-Cameroon
epc.mnc009.mcc510.3gppnetwork.org,7037#Smartfren-Indonesia
epc.mnc120.mcc330.3gppnetwork.org,6625#Open-Mobile-PR
epc.mnc862.mcc405.3gppnetwork.org,7083#Reliance-Jio
epc.mnc051.mcc362.3gppnetwork.org,7360#Telcell-St--Maarten
epc.mnc001.mcc412.3gppnetwork.org,7471#Afghan-Wireless-Communication-Company
epc.mnc110.mcc366.3gppnetwork.org,7070#Cable-and-Wireless-Group
epc.mnc001.mcc427.3gppnetwork.org,6792#Ooredoo-Qatar
epc.mnc001.mcc368.3gppnetwork.org,7483#Cubacel
epc.mnc050.mcc338.3gppnetwork.org,6659#Digicel-Jamaica
epc.mnc053.mcc405.3gppnetwork.org,7013#Bharti-Airtel-India
eucsim.globetouch.com,7406#GlobeTouch-MVNE
epc.mnc002.mcc472.3gppnetwork.org,7261#Wataniya-Maldives
epc.mnc002.mcc460.3gppnetwork.org,6585#China-Mobile
epc.mnc610.mcc302.3gppnetwork.org,6566#Bell-Mobility
EPC.MNC010.MCC724.3GPPNETWORK.ORG,6363#Vivo
epc.mnc001.mcc415.3gppnetwork.org,7423#MIC-1
epc.mnc001.mcc400.3gppnetwork.org,7465#Azercell
epc.mnc039.mcc364.3gppnetwork.org,6895#BTC-Bahamas
epc.mnc005.mcc530.3gppnetwork.org,6613#Spark-New-Zealand
epc.mnc848.mcc405.3gppnetwork.org,7264#IDEA
epc.mnc001.mcc268.3gppnetwork.org,6737#Vodafone-Portugal
epc.mnc002.mcc542.3gppnetwork.org,6863#Digicel-Fiji
epc.mnc019.mcc454.3gppnetwork.org,6357#HKT
epc.mnc002.mcc257.3gppnetwork.org,7359#MTS-Belarus
epc.mnc001.mcc633.3gppnetwork.org,7076#CWWI-Seychelles
epc.mnc620.mcc310.3gppnetwork.org,7457#New-Cell-Inc-dba-Cellcom
epc.mnc005.mcc272.3gppnetwork.org,7346#Three-Ireland
epc.mnc310.mcc722.3gppnetwork.org,7095#AMX-Argentina-S-A-Claro
epc.mnc859.mcc405.3gppnetwork.org,7083#Reliance-Jio
epc.mnc140.mcc346.3gppnetwork.org,7057#CWWI-Cayman
epc.mnc002.mcc240.3gppnetwork.org,7094#Hutchison-3G-Sweden
epc.mnc005.mcc404.3gppnetwork.org,7271#Vodafone-India-Essar
epc.mnc002.mcc628.3gppnetwork.org,12732#Telecel-Gabon
epc.mnc003.mcc232.3gppnetwork.org,6954#T-Mobile-Austria
epc.mnc012.mcc454.3gppnetwork.org,6354#China-Mobile-Hong-Kong
londra001.aicent.grx,6406#DRA1-LON2
epc.mnc001.mcc730.3gppnetwork.org,7305#ENTEL-PCS
epc.mnc004.mcc706.3gppnetwork.org,7399#TM-EL-Salvador
epc.mnc010.mcc226.3gppnetwork.org,6732#Orange-Romania
epc.mnc014.mcc244.3gppnetwork.org,7484#Alands-Mobiltelefon
epc.mnc380.mcc310.3gppnetwork.org,7410#AT&T-310380
epc.mnc070.mcc313.3gppnetowork.org,12645#Midwest-Network-Solutions-Hub
epc.mnc020.mcc340.3gppnetwork.org,12652#Digicel-FWI
epc.mnc720.mcc312.3gppnetwork.org,7395#SouthernLINC-Wireless
albtelecom.com,7087#Albtelecom
epc.mnc001.mcc262.3gppnetwork.org,6783#T-Mobile-Germany
epc.mnc005.mcc612.3gppnetwork.org,7450#MTN-Ivory-Coast
epc.mnc101.mcc732.3gppnetwork.org,6980#Comcel-Colombia-Claro
epc.mnc012.mcc274.3gppnetwork.org,6957#Siminn-hf
epc.mnc001.mcc736.3gppnetwork.org,7118#NUEVATEL-Bolivia
epc.mnc020.mcc440.3gppnetwork.org,6199#SOFTBANK-MOBILE
epc.mnc001.mcc641.3gppnetwork.org,7461#Warid-Uganda
epc.mnc069.mcc362.3gppnetwork.org,12556#Curacao-Telecom-N-V-
epc.mnc002.mcc340.3gppnetwork.org,12662#Outremer-Telecom-French-Guiana
epc.mnc005.mcc295.3gppnetwork.org,7267#Telecom-Liechtenstein
epc.mnc020.mcc334.3gppnetwork.org,6818#Radiomovil-TELCEL
epc.mnc002.mcc246.3gppnetwork.org,7091#BITE-Lithuania
epc.mnc003.mcc226.3gppnetwork.org,7097#Telekom-Romania-Mobile
epc.mnc002.mcc260.3gppnetwork.org,6936#T-Mobile-Poland
epc.mnc005.mcc283.3gppnetwork.org,6975#K-Telecom
epc.mnc260.mcc312.3gppnetwork.org,6902#NewCore-Wireless
dma.mnc001.mcc206.3gppnetwork.org,6604#Proximus
epc.mnc010.mcc234.3gppnetwork.org,6532#Telefonica-O2-UK
lte.sprint.com,6966#Sprint-PCS
epc.mnc003.mcc220.3gppnetwork.org,7380#Telekom-Srbija
epc.mnc012.mcc404.3gppnetwork.org,7264#IDEA
epc.mnc002.mcc204.3gppnetwork.org,12606#Tele2-Netherlands
epc.mnc002.mcc231.3gppnetwork.org,7062#Slovak-Telecom
epc.mnc040.mcc621.3gppnetwork.org,7506#Nigeria-Telecommunications-Ltd-NITEL-GSM
epc.mnc070.mcc334.3gppnetwork.org,7031#Iusacell
epc.mnc009.mcc242.3gppnetwork.org,7443#Com4
epc.mnc130.mcc312.3gppnetwork.org,7417#Appalachian-Wireless
epc.mnc450.mcc310.3gppnetwork.org,7299#Viaero-Wireless
epc.mnc004.mcc714.3gppnetwork.org,12557#Digicel-Panama
epc.mnc031.mcc404.3gppnetwork.org,7013#Bharti-Airtel-India
epc.mnc866.mcc405.3gppnetwork.org,7083#Reliance-Jio
epc.mnc006.mcc255.3gppnetwork.org,7308#Life-Ukraine
epc.mnc010.mcc510.3gppnetwork.org,6462#Telkomsel
sg.sybase.ipx,7492#Sybase-Peering-Hub
epc.mnc011.mcc456.3gppnetwork.org,7119#South-East-Asia-Telecom
epc.mnc099.mcc428.3gppnetwork.org,7383#MobiCom-Corporation
epc.mnc002.mcc610.3gppnetwork.org,7428#Orange-Mali
epc.mnc276.mcc240.3gppnetwork.org,7069#Globetouch-US
epc.mnc023.mcc724.3gppnetwork.org,6363#Vivo
epc.mnc001.mcc274.3gppnetwork.org,6957#Siminn-hf
epc.mnc011.mcc432.3gppnetwork.org,7371#MCI
epc.mnc001.mcc748.3gppnetwork.org,6624#Antel
epc.mnc004.mcc282.3gppnetwork.org,7067#Mobitel-Georgia-
epc.mnc001.mcc250.3gppnetwork.org,6125#MTS-Russia
epc.mnc001.mcc259.3gppnetwork.org,6825#Orange-Moldova
epc.mnc004.mcc400.3gppnetwork.org,7103#Azerfon
EPC.MNC019.MCC502.3GPPNETWORK.ORG,6502#Celcom
epc.mnc002.mcc640.3gppnetwork.org,7454#Tigo-Tanzania
epc.mnc003.mcc455.3gppnetwork.org,7120#Hutchison-Macau
epc.mnc030.mcc216.3gppnetwork.org,6893#T-Mobile-Hungary
epc.mnc110.mcc310.3gppnetwork.org,7032#IT&E
epc.mnc230.mcc311.3gppnetwork.org,12529#C-Spire
ipx.bt.com,7085#BT-DSS-Peer
epc.mnc855.mcc405.3gppnetwork.org,7083#Reliance-Jio
epc.mnc870.mcc405.3gppnetwork.org,7083#Reliance-Jio
epc.mnc002.mcc646.3gppnetwork.org,7405#Orange-Antaris-SMM
epc.mnc002.mcc631.3gppnetwork.org,12733#UNITEL-S.a.r.l.
epc.mnc003.mcc520.3gppnetwork.org,7278#Advanced-Wireless-Network
epc.mnc049.mcc404.3gppnetwork.org,7013#Bharti-Airtel-India
epc.mnc480.mcc311.3gppnetwork.org,6538#Verizon-Wireless
epc.mnc003.mcc422.3gppnetwork.org,6619#Ooredoo-OMN
epc.mnc003.mcc425.3gppnetwork.org,6935#Pelephone-Israel
epc.mnc006.mcc454.3gppnetwork.org,6362#SmarTone-Mobile
epc.mnc006.mcc460.3gppnetwork.org,6684#China-Unicom
epc.mnc010.mcc617.3gppnetwork.org,7105#Emtel-Ltd
epc.mnc003.mcc505.3gppnetwork.org,6793#Vodafone-Australia
epc.mnc035.mcc432.3gppnetwork.org,7296#MTN-Iran
ims.mnc001.mcc416.3gppnetwork.org,7113#Zain-JordanJMTS
tatacomm.ipxnetwork.org,7303#TATA-Communications-Peer
epc.mnc001.mcc272.3gppnetwork.org,6750#Vodafone-Ireland
epc.mnc005.mcc525.3gppnetwork.org,6120#StarHub
epc.mnc042.mcc238.3gppnetwork.org,12618#Wavely
epc.mnc001.mcc438.3gppnetwork.org,7401#MTS-Turkmenistan
EPC.MNC006.MCC414.3GPPNETWORK.ORG,7391#Telenor-Myanmar
epc.mnc010.mcc219.3gppnetwork.org,6832#VIPNet
epc.mnc005.mcc206.3gppnetwork.org,12495#Telenet-Belgium
amsdra001.aicent.grx,6310#DRA1-AMS2
epc.mnc001.mcc278.3gppnetwork.org,6931#Vodafone-Malta
epc.mnc002.mcc452.3gppnetwork.org,7440#Vinaphone
epc.mnc030.mcc234.3gppnetwork.org,6582#Everything-Everywhere-UK
epc.mnc037.mcc901.3gppnetwork.org,7075#TRANSATEL-France
epc.mnc050.mcc440.3gppnetwork.org,6118#KDDI
ipx.mnc002.mcc413.3gppnetwork.org,6312#Dialog-Telekom
epc.mnc003.mcc228.3gppnetwork.org,6922#Orange-Switzerland
epc.mnc020.mcc621.3gppnetwork.org,12663#Airtel-Nigeria
epc.mnc470.mcc310.3gppnetwork.org,6561#Docomo-Pacific
epc.mnc055.mcc234.3gppnetwork.org,7321#Sure-Gurnsey
epc.mnc001.mcc363.3gppnetwork.org,7318#SETAR
epc.mnc007.mcc722.3gppnetwork.org,7044#Telefonica-Argentina
epc.mnc091.mcc362.3gppnetwork.org,7041#UTS-Curacao
antel.com.uy,6624#Antel
epc1.mnc090.mcc404.3gppnetwork.org,7013#Bharti-Airtel-India
epc.mnc028.mcc901.3gppnetwork.org,6931#Vodafone-Malta
epc.mnc370.mcc302.3gppnetwork.org,6497#Rogers-Wireless
nycdra001.aicent.grx,6230#DRA1-NYK1
epc.mnc001.mcc266.3gppnetwork.org,7400#Gibtel
epc.mnc002.mcc515.3gppnetwork.org,6123#Globe
epc.mnc035.mcc250.3gppnetwork.org,12630#Ekaterinburg-2000
dra1.mtt.grx,6848#MTT-Peering-Hub
epc.mnc007.mcc240.3gppnetwork.org,6723#Tele2-Sweden
epc.mnc370.mcc311.3gppnetwork.org,6913#Alaska-Wireless-Network
epc.mnc009.mcc295.3gppnetwork.org,12633#Emnify
epc.mnc004.mcc436.3gppnetwork.org,6308#Babilon-Mobile
epc.mnc002.mcc612.3gppnetwork.org,12528#Atlantique-Telecom
epc.mnc002.mcc624.3gppnetwork.org,7420#Orange-Cameroon
epc.mnc014.mcc240.3gppnetwork.org,7309#TDC-Sweden
epc.mnc092.mcc466.3gppnetwork.org,6596#Chunghwa-Telecom
epc.mnc005.mcc437.3gppnetwork.org,7503#Alfa-Telecom
epc.mnc002.mcc724.3gppnetwork.org,6579#TIM-Brazil
epc.mnc000.mcc740.3gppnetwork.org,7050#TM-Ecuador
EPC.MNC004.MCC452.3GPPNETWORK.ORG,7325#Viettel-Group
epc.mnc690.mcc310.3gppnetwork.org,7052#Limitless-Mobile-USA
epc.mnc014.mcc641.3gppnetwork.org,7475#Orange-Uganda
EPC.MNC011.MCC724.3GPPNETWORK.ORG,6363#Vivo
epc.mnc018.mcc502.3gppnetwork.org,7019#U-Mobile
epc.mnc001.mcc704.3gppnetwork.org,7345#Claro-Guatemala
dra.bics.3gppnetwork.org,6397#BICS-DSS-Peer
epc.mnc052.mcc405.3gppnetwork.org,7013#Bharti-Airtel-India
epc.mnc011.mcc502.3gppnetwork.org,7077#MYS/PACONE
epc.mnc034.mcc722.3gppnetwork.org,7020#Telecom-Personal-SA
epc.mnc010.mcc222.3gppnetwork.org,6738#Vodafone-Italy
epc.mnc870.mcc312.3gppnetwork.org,12610#Gigsky-Mobile
epc.mnc027.mcc549.3gppnetwork.org,12532#SamoaTel-Samoa
epc.mnc004.mcc257.3gppnetwork.org,Best-Belarus
epc.mnc006.mcc214.3gppnetwork.org,7416#Vodafone-Spain-MVNO
epc.mnc044.mcc901.3gppnetwork.org,7031#Iusacell
epc.mnc041.mcc293.3gppnetwork.org,6807#Mobitel-Slovenia
epc.mnc140.mcc310.3gppnetwork.org,7445#Pulse-Mobile-Guam
epc.mnc001.mcc510.3gppnetwork.org,6976#Indosat---M3
EPC.MNC006.MCC724.3GPPNETWORK.ORG,6363#Vivo
epc.mnc005.mcc284.3gppnetwork.org,7285#Telenor-Bulgaria
epc.mnc099.mcc460.3gppnetwork.org,7505#China-Telecom-C2G
epc.mnc031.mcc724.3gppnetwork.org,6594#Oi-Movel-SA
epc.mnc010.mcc232.3gppnetwork.org,6951#Hutchison-3G-Austria-GmbH
epc.mnc849.mcc405.3gppnetwork.org,7264#IDEA
epc.mnc005.mcc259.3gppnetwork.org,7419#MOLDTELECOM-Moldova
EPC.MNC010.MCC748.3GPPNETWORK.ORG,6624#Antel
epc.mnc005.mcc450.3gppnetwork.org,6361#SK-Telecom
globecomm.com,7297#globecomm
epc.mnc005.mcc619.3gppnetwork.org,12614#Africell-Sierra-Leone
MME.EPC.MNC053.MCC405.3GPPNETWORK.ORG,7013#Bharti-Airtel-India
epc.mnc220.mcc312.3gppnetwork.org,7438#Chariton-Valley-Cellular
EPC.MNC101.MCC732.3GPPNETWORK.ORG,6980#Comcel-Colombia-Claro
epc.mnc874.mcc405.3gppnetwork.org,7083#Reliance-Jio
mme.epc.mnc016.mcc404.3gppnetwork.org,7013#Bharti-Airtel-India
tgsolutions.grx,7043#TIWS-DSS-peer
epc.mnc006.mcc238.3gppnetwork.org,7126#Hutchison-3G-Denmark
epc.mnc021.mcc244.3gppnetwork.org,6934#Elisa
epc.mnc760.mcc302.3gppnetwork.org,6121#Telus-Mobility
epc.mnc094.mcc404.3gppnetwork.org,7013#Bharti-Airtel-India
epc.mnc930.mcc312.3gppnetwork.org,7367#Hewlett-Packard-LLC
epc.mnc004.mcc420.3gppnetwork.org,6618#Zain-Saudi-Arabia
epc.mnc010.mcc404.3gppnetwork.org,7013#Bharti-Airtel-India
epc.mnc020.mcc208.3gppnetwork.org,6523#Bouygues-Telecom
epc.mnc863.mcc405.3gppnetwork.org,7083#Reliance-Jio
epc.mnc003.mcc454.3gppnetwork.org,6358#Hutchison-3G-Hong-Kong
epc.mnc003.mcc617.3gppnetwork.org,Mahanagar-Telephone-Mauritius
epc.mnc001.mcc206.3gppnetwork.org,6604#Proximus
epc.mnc350.mcc376.3gppnetwork.org,7331#CWWI-Turks
epc.mnc008.mcc456.3gppnetwork.org,7270#Viettel-Cambodia-
epc.mnc430.mcc312.3gppnetwork.org,7379#Silverstar-USA
epc.mnc580.mcc311.3gppnetwork.org,7311#U-S--Cellular
epc.mnc852.mcc405.3gppnetwork.org,7264#IDEA
epc.mnc006.mcc410.3gppnetwork.org,12515#Telenor-Pakistan
epc.mnc002.mcc736.3gppnetwork.org,12578#Entel
epc.mnc003.mcc294.3gppnetwork.org,6961#VIP-Operator
epc.mnc003.mcc297.3gppnetwork.org,7316#Mtel-Montenegro
epc.mnc003.mcc246.3gppnetwork.org,6973#Tele2-Lithuania
epc.mnc153.mcc502.3gppnetwork.org,7077#MYS/PACONE
epc.mnc004.mcc520.3gppnetwork.org,6526#Truemove-3G
epc.mnc001.mcc414.3gppnetwork.org,12490#Myanmar-Posts-and-Telecommunications
epc.mnc003.mcc714.3gppnetwork.org,7385#Claro-Panama
telinhkg.3gppnetwork.org,6462#Telkomsel
epc.mnc002.mcc472.3gppnetwork.org.key2roam.comfone.com,7261#Wataniya-Maldives
epc.mnc000.mcc647.3gppnetwork.org,12512#Orange-Reunion
epc.mnc006.mcc295.3gppnetwork.org,7082#Cubic-Telecom
epc.mnc008.mcc450.3gppnetwork.org,6359#KT-Corporation
epc.mnc008.mcc242.3gppnetwork.org,7310#TDC-Mobil-Norway
epc.mnc799.mcc405.3gppnetwork.org,7264#IDEA
epc.mnc099.mcc222.3gppnetwork.org,7370#Hutchison-3G
epc.mnc860.mcc405.3gppnetwork.org,7083#Reliance-Jio
epc.mnc003.mcc457.3gppnetwork.org,7414#Unitel-Laos
epc.mnc002.mcc470.3gppnetwork.org,12553#Aktel
mme.epc.mnc002.mcc404.3gppnetwork.org,7013#Bharti-Airtel-India
epc.mnc091.mcc244.3gppnetwork.org,6835#TeliaSonera-Finland
epc.mnc270.mcc302.3gppnetwork.org,7268#Bragg-Communications
epc.mnc275.mcc240.3gppnetwork.org,7068#Globetouch-Sweden
vodafone.grx,6726#Vodafone-DSS-Peering
epc.mnc002.mcc639.3gppnetwork.org,7040#Safaricom
epc.mnc046.mcc404.3gppnetwork.org,7271#Vodafone-India-Essar
epc.mnc111.mcc732.3gppnetwork.org,6714#Colombia-Movil
epc.mnc710.mcc312.3gppnetwork.org,12542#Wireless-Partners
epc.mnc003.mcc255.3gppnetwork.org,12661#Kyivstar
epc.mnc110.mcc356.3gppnetwork.org,7070#Cable-and-Wireless-Group
EPC.MNC003.MCC525.3GPPNETWORK.ORG,6360#M1-Limited
epc.mnc002.mcc730.3gppnetwork.org,6622#Telefonica-Chile
epc.mnc010.mcc633.3gppnetwork.org,7425#Telecom-Seychelles
epc.mnc025.mcc234.3gppnetwork.org,6967#Truphone-UK
epc.mnc032.mcc310.3gppnetwork.org,7407#PTI-Pacifica
epc.mnc001.mcc248.3gppnetwork.org,6837#AS-EMT
epc.mnc099.mcc270.3gppnetwork.org,6724#Orange-Luxembourg
epc.mnc033.mcc234.3gppnetwork.org,6582#Everything-Everywhere-UK
epc.mnc001.mcc242.3gppnetwork.org,6567#Telenor-Norway
epc.mnc009.mcc437.3gppnetwork.org,6960#NurTelecom-Kyrgyzstan
epc.mnc845.mcc405.3gppnetwork.org,7264#IDEA
epc.mnc001.mcc284.3gppnetwork.org,7340#Mobitel-Bulgaria
epc.mnc056.mcc405.3gppnetwork.org,7013#Bharti-Airtel-India
epc.mnc077.mcc270.3gppnetwork.org,6715#Tango-Luxembourg
syniverse.com,0000#Syniverse-DSR
epc.mnc087.mcc404.3gppnetwork.org,7264#IDEA
epc.mnc001.mcc260.3gppnetwork.org,6925#Polkomtel
epc.mnc002.mcc238.3gppnetwork.org,6920#Telenor-Denmark
epc.mnc002.mcc603.3gppnetwork.org,7435#Djezzy-Algeria
epc.mnc011.mcc460.3gppnetwork.org,6748#China-Telecom
epc.mnc170.mcc310.3gppnetwork.org,6977#Jasper-Wireless
EPC.MNC092.MCC404.3GPPNETWORK.ORG,7013#Bharti-Airtel-India
epc.mnc024.mcc404.3gppnetwork.org,7264#IDEA
epc.mnc002.mcc286.3gppnetwork.org,6751#Vodafone-Turkey
epc.mnc320.mcc310.3gppnetwork.org,7114#Smith-Bagley
epc.mnc871.mcc405.3gppnetwork.org,7083#Reliance-Jio
epc.mnc001.mcc429.3gppnetwork.org,12608#Nepal-Telecom
epc.mnc490.mcc302.3gppnetwork.org,7341#WIND-Mobile
sindra001.aicent.grx,6356#DRA1-SIN2
epc.mnc002.mcc422.3gppnetwork.org,6722#Oman-Mobile
epc.mnc040.mcc901.3gppnetwork.org,6783#T-Mobile-Germany
epc.mnc002.mcc425.3gppnetwork.org,6816#Cellcom-Israel-Ltd
epc.mnc270.mcc311.3gppnetwork.org,6538#Verizon-Wireless
EPC.MNC007.MCC404.3GPPNETWORK.ORG,7264#IDEA
epc.mnc003.mcc234.3gppnetwork.org,7049#Jersey-Airtel
epc.mnc003.mcc213.3gppnetwork.org,7476#STA-Andorra
epc.mnc001.mcc426.3gppnetwork.org,7304#Batelco-Bahrain
epc.mnc180.mcc338.3gppnetwork.org,7332#CWWI-Jamaica
epc.mnc001.mcc420.3gppnetwork.org,6803#STC
epc.mnc001.mcc655.3gppnetwork.org,6745#Vodacom-South-Africa
opm2mjw.epc.mnc001.mcc525.3gppnetwork.org,6124#SingTel-Mobile
epc.mnc002.mcc404.3gppnetwork.org,7013#Bharti-Airtel-India
epc.mnc002.mcc419.3gppnetwork.org,7117#Zain-Kuwait
epc.mnc009.mcc208.3gppnetwork.org,6555#SFR
epc.mnc002.mcc401.3gppnetwork.org,7415#Kcell
EPC.MNC001.MCC605.3GPPNETWORK.ORG,7277#Orange-Tunisia
epc.mnc007.mcc460.3gppnetwork.org,6585#China-Mobile
epc.mnc022.mcc641.3gppnetwork.org,7461#Warid-Uganda
telinbtm.3gppnetwork.org,6462#Telkomsel
epc.mnc001.mcc634.3gppnetwork.org,12593#Zain-Sudan
epc.mnc014.mcc901.3gppnetwork.org,12605#AeroMobile
epc.mnc410.mcc310.3gppnetwork.org,6393#AT&T-Mobility
epc.mnc001.mcc628.3gppnetwork.org,7491#Libertis-Telecom
epc.mnc098.mcc404.3gppnetwork.org,7013#Bharti-Airtel-India
epc.mnc088.mcc222.3gppnetwork.org,7028#Wind-Italy
epc.mnc890.mcc311.3gppnetwork.org,7297#globecomm
epc.mnc010.mcc313.3gppnetwork.org,12530#Cross-Wireless
epc.mnc066.mcc418.3gppnetwork.org,12563#Regional-Telecom-Company
epc.mnc180.mcc311.3gppnetwork.org,7404#AT&T-mobilephone-Lab
epc.mnc856.mcc405.3gppnetwork.org,7083#Reliance-Jio
epc.mnc002.mcc413.3gppnetwork.org,6312#Dialog-Telekom
epc.mnc001.mcc604.3gppnetwork.org,7036#Maroc-Telecom
epc.mnc002.mcc274.3gppnetwork.org,7096#Vodafone-Iceland
tnsi.com,7282#Transaction-Network-Services-Peering-Hub
epc.mnc001.mcc456.3gppnetwork.org,7397#CamGSM
epc.mnc260.mcc310.3gppnetwork.org,6648#T-Mobile-USA-Inc
epc.mnc002.mcc247.3gppnetwork.org,6972#Tele2-Latvia
epc.mnc002.mcc250.3gppnetwork.org,6439#MegaFon
epc.mnc002.mcc259.3gppnetwork.org,12558#MOLDCELL
epc.mnc260.mcc313.3gppnetwork.org,12545#Expeto-Wireless-Inc
epc.mnc002.mcc262.3gppnetwork.org,6740#Vodafone-Germany
epc.mnc867.mcc405.3gppnetwork.org,7083#Reliance-Jio
epc.mnc024.mcc208.3gppnetwork.org,7496#Mobiquithings-France
